Parameter Set,Best Fitness,Improvement %,Convergence Gen,Final Diversity,Population Size,Executions,Generations,Mutation Rate
baseline,59,3.278688524590164,10,17.52020202020202,100,29,100,0.1
larger_population,57,9.523809523809524,6,17.126633165829144,200,41,100,0.15
more_generations,59,10.606060606060606,7,15.21959595959596,100,26,200,0.1
aggressive_mutation,59,11.940298507462686,5,19.211111111111112,100,24,100,0.3
large_tournament,58,14.705882352941178,4,16.036767676767678,100,23,100,0.1
balanced_large,57,6.557377049180328,15,15.263819095477388,200,34,200,0.2
